(Reais Mil),,,,,,,,,,,,,,,,,,,,,,,,,,,,,,,,,,,,,,,,,,,,,
Código da Conta,Descrição da Conta,12/31/2009,3/31/2010,6/30/2010,9/30/2010,12/31/2010,3/31/2011,6/30/2011,9/30/2011,12/31/2011,3/31/2012,6/30/2012,9/30/2012,12/31/2012,3/31/2013,6/30/2013,9/30/2013,12/31/2013,3/31/2014,6/30/2014,9/30/2014,12/31/2014,3/31/2015,6/30/2015,9/30/2015,12/31/2015,3/31/2016,6/30/2016,9/30/2016,12/31/2016,3/31/2017,6/30/2017,9/30/2017,12/31/2017,3/31/2018,6/30/2018,9/30/2018,12/31/2018,3/31/2019,6/30/2019,9/30/2019,12/31/2019,3/31/2020,6/30/2020,9/30/2020
1,Ativo Total,"  6,583,066 ","  6,417,038 ","  7,343,910 ","  7,365,112 ","  7,511,164 ","  7,424,388 ","  7,979,509 ","  8,695,827 ","  9,105,861 ","  8,824,120 ","  9,109,705 ","  8,757,033 ","  8,873,550 ","  9,496,435 ","  9,542,922 ","  9,552,065 ","  10,141,293 ","  9,898,693 ","  10,362,672 ","  10,902,810 ","  11,782,630 ","  12,951,305 ","  13,121,290 ","  14,289,917 ","  14,261,541 ","  13,458,854 ","  13,048,678 ","  13,634,825 ","  13,481,407 ","  13,446,033 ","  14,181,424 ","  13,964,453 ","  13,981,142 ","  14,522,184 ","  15,464,046 ","  16,274,130 ","  15,399,850 ","  15,226,982 ","  14,907,806 ","  15,479,421 ","  15,687,641 ","  17,371,333 ","  18,007,781 ","  19,048,875 "
1.01,Ativo Circulante,"  3,973,158 ","  3,803,788 ","  4,591,996 ","  4,628,280 ","  4,794,009 ","  4,731,859 ","  5,069,586 ","  5,742,007 ","  5,867,061 ","  5,478,846 ","  6,020,120 ","  5,657,018 ","  5,710,017 ","  6,310,741 ","  6,339,494 ","  6,306,860 ","  6,851,281 ","  6,602,879 ","  6,886,608 ","  7,285,224 ","  8,063,213 ","  9,046,596 ","  9,029,165 ","  9,679,358 ","  9,589,344 ","  8,713,628 ","  8,648,557 ","  9,182,023 ","  9,127,483 ","  9,094,229 ","  9,682,775 ","  9,462,943 ","  9,415,667 ","  9,569,643 ","  9,968,378 ","  10,075,121 ","  9,438,581 ","  9,089,843 ","  8,803,475 ","  9,649,841 ","  9,760,902 ","  10,600,706 ","  10,827,449 ","  11,581,761 "
1.01.01,Caixa e Equivalentes de Caixa,"  30,948 ","  79,936 ","  86,583 ","  59,937 ","  2,552,996 ","  2,487,136 ","  2,674,637 ","  3,086,568 ","  2,931,615 ","  2,563,889 ","  2,626,935 ","  2,268,231 ","  2,302,256 ","  3,013,804 ","  3,034,080 ","  2,937,836 ","  3,372,130 ","  3,247,375 ","  3,285,865 ","  3,223,617 ","  3,284,275 ","  3,588,629 ","  3,616,770 ","  3,411,805 ","  3,277,115 ","  2,477,210 ","  2,720,005 ","  3,406,774 ","  3,390,662 ","  3,369,965 ","  3,635,476 ","  3,273,239 ","  3,162,685 ","  3,032,815 ","  2,703,771 ","  1,818,725 ","  2,205,700 ","  1,967,509 ","  1,843,868 ","  2,100,404 ","  1,946,044 ","  1,587,547 ","  1,677,417 ","  2,616,485 "
1.01.01.01,Caixas e Bancos,  -   ,  -   ,  -   ,  -   ,"  53,971 ","  62,127 ","  60,694 ","  104,334 ","  59,512 ","  98,895 ","  101,142 ","  137,844 ","  211,295 ","  127,858 ","  104,640 ","  216,105 ","  248,149 ","  357,468 ","  286,469 ","  256,312 ","  302,346 ","  421,591 ","  374,017 ","  481,447 ","  477,710 ","  323,157 ","  285,846 ","  208,469 ","  223,267 ","  224,780 ","  205,582 ","  200,829 ","  224,249 ","  341,301 ","  343,977 ","  343,406 ","  286,783 ","  416,857 ","  276,410 ","  328,972 ","  396,233 ","  525,386 ","  378,355 ","  386,530 "
1.01.01.02,Aplicações Financeiras,  -   ,  -   ,  -   ,  -   ,"  2,499,025 ","  2,425,009 ","  2,613,943 ","  2,982,234 ","  2,872,103 ","  2,464,994 ","  2,525,793 ","  2,130,387 ","  2,090,961 ","  2,885,946 ","  2,929,440 ","  2,721,731 ","  3,123,981 ","  2,889,907 ","  2,999,396 ","  2,967,305 ","  2,981,929 ","  3,167,038 ","  3,242,753 ","  2,930,358 ","  2,799,405 ","  2,154,053 ","  2,434,159 ","  3,198,305 ","  3,167,395 ","  3,145,185 ","  3,429,894 ","  3,072,410 ","  2,938,436 ","  2,691,514 ","  2,359,794 ","  1,475,319 ","  1,918,917 ","  1,550,652 ","  1,567,458 ","  1,771,432 ","  1,549,811 ","  1,062,161 ","  1,299,062 ","  2,229,955 "
1.01.02,Aplicações Financeiras,"  2,096,169 ","  1,882,602 ","  2,376,948 ","  2,339,836 ",  -   ,  -   ,  -   ,  -   ,  -   ,  -   ,"  251,540 ","  256,634 ","  261,244 ","  265,714 ",  -   ,  -   ,  -   ,  -   ,"  76,570 ","  228,431 ","  865,162 ","  883,585 ","  938,866 ","  877,157 ","  1,157,644 ","  1,263,978 ","  1,306,954 ","  1,329,059 ","  1,373,287 ","  1,423,320 ","  1,434,584 ","  1,484,343 ","  1,411,046 ","  1,454,614 ","  1,553,425 ","  2,119,155 ","  1,324,188 ","  925,042 ","  938,886 ","  1,335,683 ","  1,444,227 ","  1,311,648 ","  1,172,419 ","  981,085 "
1.01.03,Contas a Receber,"  910,136 ","  864,517 ","  960,353 ","  1,026,652 ","  1,044,712 ","  1,026,094 ","  1,095,847 ","  1,162,056 ","  1,307,692 ","  1,263,963 ","  1,350,250 ","  1,411,747 ","  1,472,839 ","  1,347,331 ","  1,554,042 ","  1,562,243 ","  1,658,806 ","  1,576,829 ","  1,637,568 ","  1,747,503 ","  1,867,864 ","  2,054,676 ","  2,050,968 ","  2,576,676 ","  2,545,927 ","  2,490,042 ","  2,421,573 ","  2,267,128 ","  2,251,922 ","  2,140,661 ","  2,239,477 ","  2,233,281 ","  2,242,613 ","  2,265,744 ","  2,589,700 ","  2,564,768 ","  2,440,844 ","  2,429,474 ","  2,474,176 ","  2,488,671 ","  2,747,084 ","  3,241,121 ","  3,385,942 ","  3,564,454 "
1.01.03.01,Clientes,"  910,136 ","  864,517 ","  960,353 ","  1,026,652 ","  1,044,712 ","  1,026,094 ","  1,095,847 ","  1,162,056 ","  1,307,692 ","  1,263,963 ","  1,350,250 ","  1,411,747 ","  1,472,839 ","  1,347,331 ","  1,554,042 ","  1,562,243 ","  1,658,806 ","  1,576,829 ","  1,637,568 ","  1,747,503 ","  1,867,864 ","  2,054,676 ","  2,050,968 ","  2,576,676 ","  2,545,927 ","  2,490,042 ","  2,421,573 ","  2,267,128 ","  2,251,922 ","  2,140,661 ","  2,239,477 ","  2,233,281 ","  2,242,613 ","  2,265,744 ","  2,589,700 ","  2,564,768 ","  2,440,844 ","  2,429,474 ","  2,474,176 ","  2,488,671 ","  2,747,084 ","  3,241,121 ","  3,385,942 ","  3,564,454 "
1.01.04,Estoques,"  758,116 ","  812,461 ","  971,196 ","  1,015,175 ","  1,008,952 ","  1,019,551 ","  1,086,034 ","  1,269,623 ","  1,362,314 ","  1,371,264 ","  1,459,793 ","  1,389,619 ","  1,306,273 ","  1,316,606 ","  1,368,012 ","  1,467,641 ","  1,445,927 ","  1,461,766 ","  1,541,091 ","  1,672,573 ","  1,704,919 ","  1,909,593 ","  1,954,542 ","  2,248,834 ","  2,009,254 ","  1,868,740 ","  1,644,214 ","  1,647,138 ","  1,575,055 ","  1,594,669 ","  1,754,780 ","  1,836,737 ","  1,852,266 ","  2,014,530 ","  2,328,357 ","  2,518,626 ","  2,458,410 ","  2,498,116 ","  2,583,387 ","  2,901,751 ","  2,817,129 ","  3,552,515 ","  3,727,943 ","  3,586,598 "
1.01.06,Tributos a Recuperar,"  97,122 ","  93,072 ","  98,244 ","  104,423 ","  107,182 ","  118,144 ","  127,932 ","  139,791 ","  156,076 ","  166,464 ","  195,200 ","  188,416 ","  183,627 ","  158,070 ","  170,070 ","  166,574 ","  166,384 ","  148,947 ","  153,858 ","  149,674 ","  159,446 ","  189,977 ","  214,644 ","  234,592 ","  266,944 ","  276,560 ","  276,319 ","  264,717 ","  269,626 ","  280,273 ","  342,081 ","  367,578 ","  419,845 ","  490,067 ","  442,556 ","  453,081 ","  421,938 ","  490,132 ","  527,774 ","  462,029 ","  394,839 ","  485,623 ","  434,018 ","  353,672 "
1.01.06.01,Tributos Correntes a Recuperar,"  97,122 ","  93,072 ","  98,244 ","  104,423 ","  107,182 ","  118,144 ","  127,932 ","  139,791 ","  156,076 ","  166,464 ","  195,200 ","  188,416 ","  183,627 ","  158,070 ","  170,070 ","  166,574 ","  166,384 ","  148,947 ","  153,858 ","  149,674 ","  159,446 ","  189,977 ","  214,644 ","  234,592 ","  266,944 ","  276,560 ","  276,319 ","  264,717 ","  269,626 ","  280,273 ","  342,081 ","  367,578 ","  419,845 ","  490,067 ","  442,556 ","  453,081 ","  421,938 ","  490,132 ","  527,774 ","  462,029 ","  394,839 ","  485,623 ","  434,018 ","  353,672 "
1.01.08,Outros Ativos Circulantes,"  80,667 ","  71,200 ","  98,672 ","  82,257 ","  80,167 ","  80,934 ","  85,136 ","  83,969 ","  109,364 ","  113,266 ","  136,402 ","  142,371 ","  183,778 ","  209,216 ","  213,290 ","  172,566 ","  208,034 ","  167,962 ","  191,656 ","  263,426 ","  181,547 ","  420,136 ","  253,375 ","  330,294 ","  332,460 ","  337,098 ","  279,492 ","  267,207 ","  266,931 ","  285,341 ","  276,377 ","  267,765 ","  327,212 ","  311,873 ","  350,569 ","  600,766 ","  587,501 ","  779,570 ","  435,384 ","  361,303 ","  411,579 ","  422,252 ","  429,710 ","  479,467 "
1.01.08.03,Outros,  -   ,  -   ,  -   ,  -   ,  -   ,  -   ,  -   ,  -   ,  -   ,  -   ,  -   ,  -   ,  -   ,  -   ,  -   ,  -   ,"  208,034 ",  -   ,  -   ,  -   ,"  181,547 ","  420,136 ","  253,375 ","  330,294 ","  332,460 ","  337,098 ","  279,492 ","  267,207 ","  266,931 ","  285,341 ","  276,377 ","  267,765 ","  327,212 ","  311,873 ","  350,569 ","  600,766 ","  587,501 ","  779,570 ","  435,384 ","  361,303 ","  411,579 ","  422,252 ","  429,710 ","  479,467 "
1.01.08.03.03,Instrumentos Financeiros Derivativos,  -   ,  -   ,  -   ,  -   ,  -   ,  -   ,  -   ,  -   ,  -   ,  -   ,  -   ,  -   ,  -   ,  -   ,  -   ,  -   ,"  1,163 ",  -   ,  -   ,  -   ,"  8,766 ","  198,978 ","  25,990 ","  27,174 ","  7,519 ","  3,706 ","  18,356 ","  9,816 ","  15,443 ","  15,622 ","  5,200 ","  9,273 ","  11,875 ","  7,180 ","  6,860 ","  204,061 ","  223,774 ","  258,327 ","  64,995 ","  62,967 ","  24,102 ","  25,351 ","  24,088 ","  40,374 "
1.01.08.03.04,Outros,  -   ,  -   ,  -   ,  -   ,  -   ,  -   ,  -   ,  -   ,  -   ,  -   ,  -   ,  -   ,  -   ,  -   ,  -   ,  -   ,"  206,871 ",  -   ,  -   ,  -   ,"  172,781 ","  221,158 ","  227,385 ","  303,120 ","  324,941 ","  333,392 ","  261,136 ","  257,391 ","  251,488 ","  269,719 ","  271,177 ","  258,492 ","  315,337 ","  304,693 ","  343,709 ","  396,705 ","  363,727 ","  521,243 ","  370,389 ","  298,336 ","  387,477 ","  396,901 ","  405,622 ","  439,093 "
1.02,Ativo Não Circulante,"  2,609,908 ","  2,613,250 ","  2,751,914 ","  2,736,832 ","  2,717,155 ","  2,692,529 ","  2,909,923 ","  2,953,820 ","  3,238,800 ","  3,345,274 ","  3,089,585 ","  3,100,015 ","  3,163,533 ","  3,185,694 ","  3,203,428 ","  3,245,205 ","  3,290,012 ","  3,295,814 ","  3,476,064 ","  3,617,586 ","  3,719,417 ","  3,904,709 ","  4,092,125 ","  4,610,559 ","  4,672,197 ","  4,745,226 ","  4,400,121 ","  4,452,802 ","  4,353,924 ","  4,351,804 ","  4,498,649 ","  4,501,510 ","  4,565,475 ","  4,952,541 ","  5,495,668 ","  6,199,009 ","  5,961,269 ","  6,137,139 ","  6,104,331 ","  5,829,580 ","  5,926,739 ","  6,770,627 ","  7,180,332 ","  7,467,114 "
1.02.01,Ativo Realizável a Longo Prazo,"  193,814 ","  170,517 ","  163,413 ","  149,892 ","  136,984 ","  127,146 ","  358,414 ","  378,587 ","  432,469 ","  447,124 ","  81,920 ","  80,004 ","  88,833 ","  107,528 ","  98,741 ","  118,883 ","  124,372 ","  134,326 ","  124,207 ","  127,245 ","  161,644 ","  155,231 ","  315,507 ","  569,135 ","  619,206 ","  519,234 ","  364,795 ","  436,183 ","  397,383 ","  361,506 ","  438,946 ","  410,395 ","  443,844 ","  458,496 ","  791,825 ","  1,391,073 ","  1,178,926 ","  1,117,861 ","  1,106,020 ","  653,154 ","  597,797 ","  925,110 ","  1,056,425 ","  1,107,252 "
1.02.01.01,Aplicações Financeiras Avaliadas a Valor Justo através do Resultado,  -   ,  -   ,  -   ,  -   ,  -   ,  -   ,"  226,057 ","  233,266 ","  280,635 ","  287,973 ",  657 ,  670 ,"  2,032 ","  2,059 ","  2,027 ","  2,077 ","  2,230 ","  2,097 ","  1,415 ",  907 ,"  1,047 ","  1,118 ",  -   ,  -   ,  214 ,  203 ,  178 ,  -   ,  -   ,  -   ,  -   ,  -   ,  -   ,  -   ,  -   ,"  630,638 ","  562,782 ","  566,641 ","  573,757 ","  48,646 ",  -   ,  -   ,  -   ,  -   
1.02.01.01.01,Títulos Designados a Valor Justo,  -   ,  -   ,  -   ,  -   ,  -   ,  -   ,  -   ,  -   ,"  280,635 ","  287,973 ",  657 ,  670 ,"  2,032 ","  2,059 ","  2,027 ","  2,077 ","  2,230 ","  2,097 ","  1,415 ",  907 ,"  1,047 ","  1,118 ",  -   ,  -   ,  214 ,  203 ,  178 ,  -   ,  -   ,  -   ,  -   ,  -   ,  -   ,  -   ,  -   ,"  630,638 ","  562,782 ","  566,641 ","  573,757 ","  48,646 ",  -   ,  -   ,  -   ,  -   
1.02.01.06,Tributos Diferidos,"  101,739 ","  89,481 ","  97,859 ","  91,613 ","  78,810 ","  86,060 ","  89,776 ","  103,846 ","  111,488 ","  115,265 ","  35,441 ","  32,190 ","  36,891 ","  43,337 ","  40,762 ","  56,970 ","  60,376 ","  68,870 ","  58,767 ","  59,208 ","  55,864 ","  68,602 ","  77,962 ","  108,749 ","  131,327 ","  128,315 ","  122,810 ","  127,848 ","  130,291 ","  134,327 ","  145,110 ","  147,137 ","  148,284 ","  166,032 ","  174,450 ","  164,913 ","  142,669 ","  150,460 ","  148,729 ","  161,581 ","  182,042 ","  188,520 ","  255,098 ","  292,342 "
1.02.01.06.01,Imposto de Renda e Contribuição Social Diferidos,"  101,739 ","  89,481 ","  97,859 ","  91,613 ","  78,810 ","  86,060 ","  89,776 ","  103,846 ","  111,488 ","  115,265 ","  35,441 ","  32,190 ","  36,891 ","  43,337 ","  40,762 ","  56,970 ","  60,376 ","  68,870 ","  58,767 ","  59,208 ","  55,864 ","  68,602 ","  77,962 ","  108,749 ","  131,327 ","  128,315 ","  122,810 ","  127,848 ","  130,291 ","  134,327 ","  145,110 ","  147,137 ","  148,284 ","  166,032 ","  174,450 ","  164,913 ","  142,669 ","  150,460 ","  148,729 ","  161,581 ","  182,042 ","  188,520 ","  255,098 ","  292,342 "
1.02.01.08,Créditos com Partes Relacionadas,  -   ,  -   ,  -   ,  -   ,  -   ,  -   ,"  2,909 ",  797 ,  -   ,  490 ,  143 ,  -   ,  -   ,  -   ,  -   ,  -   ,  -   ,  -   ,  -   ,  -   ,  -   ,  -   ,  -   ,  -   ,  -   ,  -   ,  -   ,  -   ,  -   ,  -   ,  -   ,  -   ,  -   ,  -   ,  -   ,  -   ,  -   ,  -   ,  -   ,  -   ,  -   ,  -   ,  -   ,  -   
1.02.01.08.04,Créditos com Outras Partes Relacionadas,  -   ,  -   ,  -   ,  -   ,  -   ,  -   ,  -   ,  797 ,  -   ,  490 ,  143 ,  -   ,  -   ,  -   ,  -   ,  -   ,  -   ,  -   ,  -   ,  -   ,  -   ,  -   ,  -   ,  -   ,  -   ,  -   ,  -   ,  -   ,  -   ,  -   ,  -   ,  -   ,  -   ,  -   ,  -   ,  -   ,  -   ,  -   ,  -   ,  -   ,  -   ,  -   ,  -   ,  -   
1.02.01.09,Outros Ativos Não Circulantes,"  92,075 ","  81,036 ","  65,554 ","  58,279 ","  58,174 ","  41,086 ","  39,672 ","  40,678 ","  40,346 ","  43,396 ","  45,679 ","  47,144 ","  49,910 ","  62,132 ","  55,952 ","  59,836 ","  61,766 ","  63,359 ","  64,025 ","  67,130 ","  104,733 ","  85,511 ","  237,545 ","  460,386 ","  487,665 ","  390,716 ","  241,807 ","  308,335 ","  267,092 ","  227,179 ","  293,836 ","  263,258 ","  295,560 ","  292,464 ","  617,375 ","  595,522 ","  473,475 ","  400,760 ","  383,534 ","  442,927 ","  415,755 ","  736,590 ","  801,327 ","  814,910 "
1.02.01.09.03,Depósitos Judiciais,"  30,739 ","  31,063 ","  20,276 ","  20,855 ","  21,697 ","  21,723 ","  22,696 ","  23,826 ","  24,038 ","  24,490 ","  26,142 ","  27,153 ","  27,844 ","  28,229 ","  30,812 ","  32,549 ","  35,260 ","  35,873 ","  40,622 ","  43,932 ","  44,394 ","  51,129 ","  54,828 ","  55,298 ","  55,810 ","  48,781 ","  49,679 ","  49,515 ","  48,476 ","  48,769 ","  49,781 ","  50,990 ","  50,815 ","  54,114 ","  54,746 ","  55,683 ","  58,368 ","  60,688 ","  70,549 ","  65,712 ","  68,506 ","  68,593 ","  68,858 ","  68,158 "
1.02.01.09.04,Tributos a Recuperar,"  44,499 ","  39,682 ","  34,879 ","  32,639 ","  31,661 ","  14,122 ","  12,511 ","  12,298 ","  12,902 ","  12,994 ","  13,657 ","  14,256 ","  16,032 ","  16,527 ","  17,091 ","  17,394 ","  16,793 ","  16,431 ","  17,671 ","  18,937 ","  19,221 ","  17,770 ","  18,017 ","  17,264 ","  16,640 ","  15,076 ","  13,057 ","  11,567 ","  10,296 ","  8,639 ","  8,608 ","  8,342 ","  9,941 ","  10,168 ","  102,339 ","  160,958 ","  167,689 ","  138,849 ","  95,013 ","  86,735 ","  78,708 ","  77,380 ","  83,974 ","  51,371 "
1.02.01.09.05,Instrumentos Financeiros Derivativos,,,,,,,,,,,,,,,,,  506 ,,,,"  34,974 ",  -   ,"  128,735 ","  314,253 ","  371,208 ","  262,053 ","  147,492 ","  169,614 ","  169,221 ","  132,714 ","  187,245 ","  142,210 ","  170,279 ","  157,707 ","  381,026 ","  282,583 ","  166,922 ","  117,850 ","  127,653 ","  191,355 ","  167,069 ","  477,067 ","  536,204 ","  575,966 "
1.02.01.09.06,Outros,"  16,837 ","  10,291 ","  10,399 ","  4,785 ","  4,816 ","  5,241 ","  4,465 ","  4,554 ","  3,406 ","  5,912 ","  5,880 ","  5,735 ","  6,034 ","  17,376 ","  8,049 ","  9,893 ","  9,207 ","  11,055 ","  5,732 ","  4,261 ","  6,144 ","  16,612 ","  35,965 ","  73,571 ","  44,007 ","  64,806 ","  31,579 ","  77,639 ","  39,099 ","  37,057 ","  48,202 ","  61,716 ","  64,525 ","  70,475 ","  79,264 ","  96,298 ","  80,496 ","  83,373 ","  90,319 ","  99,125 ","  101,472 ","  113,550 ","  112,291 ","  119,415 "
1.02.02,Investimentos,"  16,041 ","  16,861 ",  776 ,  222 ,  601 ,"  2,199 ",  931 ,  933 ,  349 ,  349 ,  349 ,  349 ,"  7,622 ","  7,577 ","  7,585 ","  7,584 ","  7,264 ","  8,091 ","  8,223 ","  8,222 ","  8,224 ","  8,222 ","  1,379 ","  1,463 ","  1,379 ","  1,395 ",  238 ,  224 ,  223 ,  220 ,  225 ,  306 ,  268 ,"  16,923 ","  17,013 ","  18,478 ","  20,362 ","  20,380 ","  19,974 ","  19,644 ","  28,012 ","  35,408 ","  35,405 ","  45,670 "
1.02.02.01,Participações Societárias,"  16,041 ","  16,861 ",  776 ,  222 ,  601 ,"  2,199 ",  931 ,  933 ,  349 ,  349 ,  349 ,  349 ,  402 ,  357 ,  365 ,  364 ,  44 ,  871 ,"  1,003 ","  1,002 ","  1,004 ","  1,002 ","  1,379 ","  1,463 ","  1,379 ","  1,395 ",  238 ,  224 ,  223 ,  220 ,  225 ,  306 ,  268 ,"  16,923 ","  17,013 ","  18,478 ","  20,362 ","  20,380 ","  19,974 ","  19,644 ","  28,012 ","  35,408 ","  35,405 ","  45,670 "
1.02.02.01.01,Participações em Coligadas,  -   ,"  14,730 ",  -   ,  -   ,  -   ,  -   ,  -   ,  -   ,  -   ,  -   ,  -   ,  -   ,  -   ,  -   ,  -   ,  -   ,  -   ,  -   ,  -   ,  -   ,  -   ,  -   ,  -   ,  -   ,  -   ,  -   ,  -   ,  -   ,  -   ,  -   ,  -   ,  -   ,  -   ,  -   ,  -   ,"  18,102 ","  19,981 ","  19,981 ","  19,559 ","  19,559 ","  28,007 ","  35,401 ","  35,398 ","  44,851 "
1.02.02.01.04,Outros Investimentos,"  16,041 ","  2,131 ",  776 ,  222 ,  601 ,"  2,199 ",  931 ,  933 ,  349 ,  349 ,  349 ,  349 ,  402 ,  357 ,  365 ,  364 ,  44 ,  -   ,  -   ,  -   ,"  1,004 ","  1,002 ","  1,379 ","  1,463 ","  1,379 ","  1,395 ",  238 ,  224 ,  223 ,  220 ,  225 ,  306 ,  268 ,"  16,923 ","  17,013 ",  376 ,  381 ,  399 ,  415 ,  85 ,  5 ,  7 ,  7 ,  819 
1.02.02.02,Propriedades para Investimento,  -   ,  -   ,  -   ,  -   ,  -   ,  -   ,  -   ,  -   ,  -   ,  -   ,  -   ,  -   ,"  7,220 ","  7,220 ","  7,220 ","  7,220 ","  7,220 ","  7,220 ","  7,220 ","  7,220 ","  7,220 ","  7,220 ",  -   ,  -   ,  -   ,  -   ,  -   ,  -   ,  -   ,  -   ,  -   ,  -   ,  -   ,  -   ,  -   ,  -   ,  -   ,  -   ,  -   ,  -   ,  -   ,  -   ,,  -   
1.02.03,Imobilizado,"  2,271,193 ","  2,302,304 ","  2,388,640 ","  2,394,633 ","  2,395,575 ","  2,383,215 ","  2,375,903 ","  2,397,920 ","  2,445,760 ","  2,478,938 ","  2,513,061 ","  2,526,237 ","  2,537,094 ","  2,544,242 ","  2,570,042 ","  2,574,218 ","  2,614,556 ","  2,605,834 ","  2,680,579 ","  2,794,224 ","  2,877,942 ","  3,037,608 ","  3,030,429 ","  3,255,878 ","  3,264,898 ","  3,247,118 ","  3,092,032 ","  3,066,288 ","  3,032,716 ","  3,047,882 ","  3,104,803 ","  3,129,052 ","  3,160,111 ","  3,286,590 ","  3,406,149 ","  3,493,399 ","  3,541,954 ","  3,785,361 ","  3,790,163 ","  3,927,953 ","  3,981,184 ","  4,300,120 ","  4,530,711 ","  4,709,772 "
1.02.03.01,Imobilizado em Operação,"  2,271,193 ","  2,302,304 ","  2,388,640 ","  2,394,633 ","  2,395,575 ","  2,383,215 ","  2,375,903 ","  2,397,920 ","  2,445,760 ","  2,414,457 ","  2,438,643 ","  2,448,964 ","  2,537,094 ","  2,544,242 ","  2,570,042 ","  2,574,218 ","  2,614,556 ","  2,605,834 ","  2,680,579 ","  2,794,224 ","  2,877,942 ","  3,037,608 ","  3,030,429 ","  3,255,878 ","  3,264,898 ","  3,247,118 ","  3,092,032 ","  3,066,288 ","  3,032,716 ","  3,047,882 ","  3,104,803 ","  3,129,052 ","  3,160,111 ","  3,286,590 ","  3,406,149 ","  3,493,399 ","  3,541,954 ","  3,601,203 ","  3,586,364 ","  3,715,097 ","  3,776,561 ","  4,053,935 ","  4,206,492 ","  4,406,791 "
1.02.03.02,Direito de Uso em Arrendamento,  -   ,  -   ,  -   ,  -   ,  -   ,  -   ,  -   ,  -   ,  -   ,  -   ,  -   ,  -   ,  -   ,  -   ,  -   ,  -   ,  -   ,  -   ,  -   ,  -   ,  -   ,  -   ,  -   ,  -   ,  -   ,  -   ,  -   ,  -   ,  -   ,  -   ,  -   ,  -   ,  -   ,  -   ,  -   ,  -   ,  -   ,"  184,158 ","  203,799 ","  212,856 ","  204,623 ","  246,185 ","  324,219 ","  302,981 "
1.02.03.03,Imobilizado em Andamento,  -   ,  -   ,  -   ,  -   ,  -   ,  -   ,  -   ,  -   ,  -   ,"  64,481 ","  74,418 ","  77,273 ",  -   ,  -   ,  -   ,  -   ,  -   ,  -   ,  -   ,  -   ,  -   ,  -   ,  -   ,  -   ,  -   ,  -   ,  -   ,  -   ,  -   ,  -   ,  -   ,  -   ,  -   ,  -   ,  -   ,  -   ,  -   ,  -   ,  -   ,  -   ,  -   ,  -   ,  -   ,  -   
1.02.04,Intangível,"  128,860 ","  123,568 ","  199,085 ","  192,085 ","  183,995 ","  179,969 ","  174,675 ","  176,380 ","  360,222 ","  418,863 ","  494,255 ","  493,425 ","  529,984 ","  526,347 ","  527,060 ","  544,520 ","  543,820 ","  547,563 ","  663,055 ","  687,895 ","  671,607 ","  703,648 ","  744,810 ","  784,083 ","  786,714 ","  977,479 ","  943,056 ","  950,107 ","  923,602 ","  942,196 ","  954,675 ","  961,757 ","  961,252 ","  1,190,532 ","  1,280,681 ","  1,296,059 ","  1,220,027 ","  1,213,537 ","  1,188,174 ","  1,228,829 ","  1,319,746 ","  1,509,989 ","  1,557,791 ","  1,604,420 "
1.02.04.01,Intangíveis,"  63,268 ",  -   ,  -   ,  -   ,"  43,870 ","  43,796 ","  37,678 ","  32,346 ","  28,681 ","  31,260 ","  34,758 ","  32,349 ","  31,215 ","  28,108 ","  28,180 ","  30,992 ","  40,772 ","  40,959 ","  45,445 ","  77,440 ","  81,317 ","  93,473 ","  96,516 ","  110,787 ","  117,394 ","  110,355 ","  100,389 ","  98,241 ","  161,200 ","  155,318 ","  159,760 ","  152,512 ","  142,682 ","  142,457 ","  156,801 ","  153,639 ","  225,160 ","  198,883 ","  184,858 ","  185,260 ","  201,431 ","  232,334 ","  249,147 ","  254,856 "
1.02.04.01.02,Outros,"  63,268 ",  -   ,  -   ,  -   ,"  43,870 ",  -   ,  -   ,  -   ,"  28,681 ","  31,260 ","  34,758 ","  32,349 ","  31,215 ","  28,108 ","  28,180 ","  30,992 ","  40,772 ","  40,959 ","  45,445 ","  77,440 ","  81,317 ","  93,473 ","  96,516 ","  110,787 ","  117,394 ","  110,355 ","  100,389 ","  98,241 ","  161,200 ","  155,318 ","  159,760 ","  152,512 ","  142,682 ","  142,457 ","  156,801 ","  153,639 ","  225,160 ","  198,883 ","  184,858 ","  185,260 ","  201,431 ","  232,334 ","  249,147 ","  254,856 "
1.02.04.02,Goodwill,"  65,592 ",  -   ,  -   ,  -   ,"  140,125 ","  136,173 ","  136,997 ","  144,034 ","  331,541 ","  387,603 ","  459,497 ","  461,076 ","  498,769 ","  498,239 ","  498,880 ","  513,528 ","  503,048 ","  506,604 ","  617,610 ","  610,455 ","  590,290 ","  610,175 ","  648,294 ","  673,296 ","  669,320 ","  867,124 ","  842,667 ","  851,866 ","  762,402 ","  786,878 ","  794,915 ","  809,245 ","  818,570 ","  1,048,075 ","  1,123,880 ","  1,142,420 ","  994,867 ","  1,014,654 ","  1,003,316 ","  1,043,569 ","  1,118,315 ","  1,277,655 ","  1,308,644 ","  1,349,564 "
 ,,,,,,,,,,,,,,,,,,,,,,,,,,,,,,,,,,,,,,,,,,,,,
 ,,,,,,,,,,,,,,,,,,,,,,,,,,,,,,,,,,,,,,,,,,,,,
2,Passivo Total,"  6,583,066 ","  6,417,038 ","  7,343,910 ","  7,365,112 ","  7,511,164 ","  7,424,388 ","  7,979,509 ","  8,695,827 ","  9,105,861 ","  8,824,120 ","  9,109,705 ","  8,757,033 ","  8,873,550 ","  9,496,435 ","  9,542,922 ","  9,552,065 ","  10,141,293 ","  9,898,693 ","  10,362,672 ","  10,902,810 ","  11,782,630 ","  12,951,305 ","  13,121,290 ","  14,289,917 ","  14,261,541 ","  13,458,854 ","  13,048,678 ","  13,634,825 ","  13,481,407 ","  13,446,033 ","  14,181,424 ","  13,964,453 ","  13,981,142 ","  14,522,184 ","  15,464,046 ","  16,274,130 ","  15,399,850 ","  15,226,982 ","  14,907,806 ","  15,479,421 ","  15,687,641 ","  17,371,333 ","  18,007,781 ","  19,048,875 "
2.01,Passivo Circulante,"  1,698,561 ","  1,582,381 ","  1,883,425 ","  1,795,005 ","  1,938,803 ","  2,013,822 ","  2,179,394 ","  2,818,379 ","  2,752,960 ","  2,580,679 ","  3,230,080 ","  2,876,077 ","  3,012,824 ","  2,852,160 ","  2,840,488 ","  2,709,593 ","  2,578,048 ","  2,506,714 ","  2,484,307 ","  2,840,667 ","  3,379,017 ","  4,085,760 ","  4,129,670 ","  4,597,696 ","  3,494,850 ","  3,057,697 ","  3,117,248 ","  3,021,444 ","  3,278,855 ","  3,109,281 ","  3,939,327 ","  3,990,150 ","  4,326,788 ","  4,156,279 ","  4,953,204 ","  5,579,559 ","  5,034,004 ","  4,859,505 ","  4,400,792 ","  4,537,024 ","  4,491,021 ","  4,951,231 ","  4,687,927 ","  4,924,701 "
2.01.01,Obrigações Sociais e Trabalhistas,"  86,692 ","  115,619 ","  147,248 ","  167,220 ","  141,797 ","  134,958 ","  188,147 ","  188,599 ","  161,436 ","  161,850 ","  226,231 ","  223,573 ","  128,831 ","  172,007 ","  244,200 ","  231,383 ","  152,739 ","  199,637 ","  245,082 ","  271,371 ","  173,382 ","  231,686 ","  269,395 ","  313,073 ","  191,077 ","  261,940 ","  285,974 ","  319,764 ","  199,543 ","  254,819 ","  301,495 ","  340,635 ","  211,062 ","  286,691 ","  330,444 ","  370,846 ","  240,346 ","  321,938 ","  374,793 ","  423,003 ","  287,187 ","  387,619 ","  508,955 ","  564,222 "
2.01.01.01,Obrigações Sociais,"  86,692 ","  115,619 ","  147,248 ","  167,220 ","  141,797 ","  134,958 ","  188,147 ","  188,599 ","  161,436 ","  161,850 ","  226,231 ","  223,573 ","  128,831 ","  172,007 ","  244,200 ","  231,383 ","  152,739 ","  199,637 ","  245,082 ","  271,371 ","  173,382 ","  231,686 ","  269,395 ","  313,073 ","  191,077 ","  261,940 ","  285,974 ","  319,764 ","  199,543 ","  254,819 ","  301,495 ","  340,635 ","  211,062 ","  286,691 ","  330,444 ","  370,846 ","  240,346 ","  321,938 ","  374,793 ","  423,003 ","  287,187 ","  387,619 ","  508,955 ","  564,222 "
2.01.02,Fornecedores,"  188,779 ","  206,530 ","  289,674 ","  273,823 ","  242,300 ","  259,762 ","  295,775 ","  317,125 ","  298,195 ","  329,571 ","  349,350 ","  321,473 ","  331,037 ","  365,492 ","  362,605 ","  362,428 ","  420,250 ","  379,952 ","  420,498 ","  512,394 ","  445,577 ","  594,308 ","  549,136 ","  671,967 ","  566,769 ","  502,294 ","  479,139 ","  519,466 ","  562,851 ","  612,122 ","  640,286 ","  668,828 ","  750,533 ","  780,109 ","  973,788 ","  878,547 ","  842,957 ","  820,402 ","  809,232 ","  797,051 ","  839,879 ","  1,107,393 ","  928,897 ","  1,239,930 "
2.01.03,Obrigações Fiscais,"  78,639 ","  46,564 ","  52,503 ","  73,452 ","  72,204 ","  68,362 ","  94,022 ","  63,632 ","  88,474 ","  84,450 ","  85,137 ","  113,478 ","  126,655 ","  103,069 ","  113,854 ","  138,569 ","  139,570 ","  137,847 ","  102,357 ","  120,509 ","  148,335 ","  163,946 ","  120,338 ","  151,490 ","  121,461 ","  120,842 ","  110,354 ","  117,928 ","  125,062 ","  123,750 ","  129,302 ","  126,410 ","  102,944 ","  137,200 ","  141,475 ","  150,240 ","  88,183 ","  147,729 ","  144,544 ","  131,513 ","  134,510 ","  165,839 ","  194,686 ","  228,293 "
2.01.03.01,Obrigações Fiscais Federais,"  78,639 ","  46,564 ","  52,503 ","  73,452 ","  72,204 ","  68,362 ","  94,022 ","  63,632 ","  88,474 ","  84,450 ","  85,137 ","  113,478 ","  126,655 ","  103,069 ","  113,854 ","  138,569 ","  139,570 ","  137,847 ","  102,357 ","  120,509 ","  148,335 ","  163,946 ","  120,338 ","  151,490 ","  121,461 ","  120,842 ","  110,354 ","  117,928 ","  125,062 ","  123,750 ","  129,302 ","  126,410 ","  102,944 ","  137,200 ","  141,475 ","  150,240 ","  88,183 ","  147,729 ","  144,544 ","  131,513 ","  134,510 ","  165,839 ","  194,686 ","  228,293 "
2.01.03.01.01,Imposto de Renda e Contribuição Social a Pagar,"  56,561 ",  -   ,  -   ,  -   ,"  41,718 ","  31,997 ","  53,979 ","  32,196 ","  44,186 ","  38,434 ","  47,986 ","  73,178 ","  72,927 ","  51,664 ","  52,277 ","  78,783 ","  83,771 ","  72,342 ","  50,330 ","  65,230 ","  84,714 ","  88,616 ","  42,681 ","  73,898 ","  28,160 ","  21,340 ","  24,985 ","  35,569 ","  29,241 ","  27,109 ","  36,473 ","  34,308 ","  29,672 ","  36,042 ","  51,123 ","  59,343 ","  24,968 ","  36,806 ","  48,517 ","  27,593 ","  31,578 ","  29,813 ","  63,720 ","  90,564 "
2.01.03.01.02,Outros,"  22,078 ",  -   ,  -   ,  -   ,"  30,486 ","  36,365 ","  40,043 ","  31,436 ","  44,288 ","  46,016 ","  37,151 ","  40,300 ","  53,728 ","  51,405 ","  61,577 ","  59,786 ","  55,799 ","  65,505 ","  52,027 ","  55,279 ","  63,621 ","  75,330 ","  77,657 ","  77,592 ","  93,301 ","  99,502 ","  85,369 ","  82,359 ","  95,821 ","  96,641 ","  92,829 ","  92,102 ","  73,272 ","  101,158 ","  90,352 ","  90,897 ","  63,215 ","  110,923 ","  96,027 ","  103,920 ","  102,932 ","  136,026 ","  130,966 ","  137,729 "
2.01.04,Empréstimos e Financiamentos,"  895,885 ","  814,274 ","  741,233 ","  841,311 ","  1,018,995 ","  1,104,366 ","  1,111,282 ","  1,797,222 ","  1,701,435 ","  1,464,198 ","  1,935,177 ","  1,617,387 ","  1,645,772 ","  1,526,274 ","  1,327,078 ","  1,114,526 ","  905,883 ","  914,246 ","  712,711 ","  918,380 ","  1,462,493 ","  1,996,255 ","  2,017,657 ","  2,107,029 ","  1,284,633 ","  1,017,473 ","  819,066 ","  866,919 ","  991,433 ","  929,526 ","  1,651,218 ","  1,740,222 ","  2,014,530 ","  1,611,873 ","  1,988,080 ","  2,653,066 ","  2,049,093 ","  1,964,060 ","  1,486,659 ","  1,456,417 ","  936,370 ","  865,571 ","  466,585 ","  296,413 "
2.01.04.01,Empréstimos e Financiamentos,"  895,885 ","  814,274 ","  741,233 ","  841,311 ","  1,018,995 ","  1,104,366 ","  1,111,282 ","  1,797,222 ","  1,701,435 ","  1,464,198 ","  1,935,177 ","  1,617,387 ","  1,645,772 ","  1,526,274 ","  1,327,078 ","  1,114,526 ","  905,883 ","  914,246 ","  712,711 ","  918,380 ","  1,462,493 ","  1,996,255 ","  2,017,657 ","  2,107,029 ","  1,284,633 ","  1,017,473 ","  819,066 ","  866,919 ","  991,433 ","  929,526 ","  1,651,218 ","  1,740,222 ","  2,014,530 ","  1,611,873 ","  1,988,080 ","  2,653,066 ","  2,049,093 ","  1,964,060 ","  1,486,659 ","  1,456,417 ","  936,370 ","  865,571 ","  466,585 ","  296,413 "
2.01.04.01.01,Em Moeda Nacional,  -   ,  -   ,  -   ,  -   ,  -   ,  -   ,  -   ,  -   ,  -   ,  -   ,  -   ,  -   ,  -   ,  -   ,  -   ,  -   ,  -   ,  -   ,  -   ,  -   ,  -   ,  -   ,  -   ,  -   ,"  637,552 ","  437,731 ","  454,881 ","  581,900 ","  642,413 ","  635,192 ","  991,418 ","  1,051,077 ","  1,300,232 ","  890,748 ","  491,033 ","  503,920 ","  175,475 ","  176,385 ","  175,902 ","  169,830 ","  87,566 ","  88,305 ","  89,458 ","  55,414 "
2.01.04.01.02,Em Moeda Estrangeira,  -   ,  -   ,  -   ,  -   ,  -   ,  -   ,  -   ,  -   ,  -   ,  -   ,  -   ,  -   ,  -   ,  -   ,  -   ,  -   ,  -   ,  -   ,  -   ,  -   ,  -   ,  -   ,  -   ,  -   ,"  647,081 ","  579,742 ","  364,185 ","  285,019 ","  349,020 ","  294,334 ","  659,800 ","  689,145 ","  714,298 ","  721,125 ","  1,497,047 ","  2,149,146 ","  1,873,618 ","  1,787,675 ","  1,310,757 ","  1,286,587 ","  848,804 ","  777,266 ","  377,127 ","  240,999 "
2.01.05,Outras Obrigações,"  448,566 ","  399,394 ","  652,767 ","  439,199 ","  463,507 ","  446,374 ","  490,168 ","  451,801 ","  503,420 ","  540,610 ","  634,185 ","  600,166 ","  780,529 ","  685,318 ","  792,751 ","  862,687 ","  959,606 ","  875,032 ","  1,003,659 ","  1,018,013 ","  1,149,230 ","  1,099,565 ","  1,173,144 ","  1,354,137 ","  1,330,910 ","  1,155,148 ","  1,422,715 ","  1,197,367 ","  1,399,966 ","  1,189,064 ","  1,217,026 ","  1,114,055 ","  1,247,719 ","  1,340,406 ","  1,519,417 ","  1,526,860 ","  1,813,425 ","  1,605,376 ","  1,585,564 ","  1,729,040 ","  2,293,075 ","  2,424,809 ","  2,588,804 ","  2,595,843 "
2.01.05.01,Passivos com Partes Relacionadas,  -   ,  -   ,  -   ,  -   ,  -   ,"  3,438 ","  1,621 ","  2,308 ",  -   ,  -   ,  -   ,  -   ,  -   ,  -   ,  -   ,  -   ,  -   ,  -   ,  -   ,  -   ,  -   ,  -   ,  -   ,  -   ,  -   ,  -   ,  -   ,  -   ,  -   ,  -   ,  -   ,  -   ,  -   ,  -   ,  -   ,  -   ,  -   ,  -   ,  -   ,  -   ,  -   ,  -   ,  -   ,  -   
2.01.05.01.04,Débitos com Outras Partes Relacionadas,  -   ,  -   ,  -   ,  -   ,  -   ,"  3,438 ","  1,621 ","  2,308 ",  -   ,  -   ,  -   ,  -   ,  -   ,  -   ,  -   ,  -   ,  -   ,  -   ,  -   ,  -   ,  -   ,  -   ,  -   ,  -   ,  -   ,  -   ,  -   ,  -   ,  -   ,  -   ,  -   ,  -   ,  -   ,  -   ,  -   ,  -   ,  -   ,  -   ,  -   ,  -   ,  -   ,  -   ,  -   ,  -   
2.01.05.02,Outros,"  448,566 ","  399,394 ","  652,767 ","  439,199 ","  463,507 ","  442,936 ","  488,547 ","  449,493 ","  503,420 ","  540,610 ","  634,185 ","  600,166 ","  780,529 ","  685,318 ","  792,751 ","  862,687 ","  959,606 ","  875,032 ","  1,003,659 ","  1,018,013 ","  1,149,230 ","  1,099,565 ","  1,173,144 ","  1,354,137 ","  1,330,910 ","  1,155,148 ","  1,422,715 ","  1,197,367 ","  1,399,966 ","  1,189,064 ","  1,217,026 ","  1,114,055 ","  1,247,719 ","  1,340,406 ","  1,519,417 ","  1,526,860 ","  1,813,425 ","  1,605,376 ","  1,585,564 ","  1,729,040 ","  2,293,075 ","  2,424,809 ","  2,588,804 ","  2,595,843 "
2.01.05.02.01,Dividendos e JCP a Pagar,"  36,849 ","  29,454 ","  59,973 ","  32,052 ","  63,440 ","  39,575 ","  78,682 ","  47,903 ","  2,804 ","  44,428 ","  84,507 ","  43,327 ","  79,381 ","  36,718 ","  89,310 ","  42,708 ","  87,723 ","  47,016 ","  121,897 ","  81,661 ","  111,707 ","  69,707 ","  143,964 ","  92,809 ","  172,484 ","  94,263 ","  177,432 ","  84,982 ","  191,365 ","  94,379 ","  175,471 ","  82,411 ","  160,892 ","  75,191 ","  144,820 ","  73,143 ","  165,441 ","  86,416 ","  162,448 ","  76,520 ","  145,376 ","  59,862 ","  213,812 ","  67,736 "
2.01.05.02.04,Adiantamento de Clientes,"  254,864 ","  221,004 ","  259,979 ","  233,844 ","  271,949 ","  278,978 ","  265,356 ","  239,143 ","  285,843 ","  286,379 ","  325,175 ","  316,697 ","  358,124 ","  306,889 ","  395,904 ","  477,696 ","  459,130 ","  469,261 ","  485,371 ","  520,966 ","  590,815 ","  564,522 ","  493,456 ","  578,720 ","  486,225 ","  434,562 ","  686,549 ","  518,105 ","  577,688 ","  544,750 ","  479,093 ","  467,451 ","  429,258 ","  611,535 ","  544,865 ","  622,430 ","  655,242 ","  541,774 ","  511,514 ","  645,819 ","  814,964 ","  903,823 ","  1,098,189 ","  1,216,807 "
2.01.05.02.05,Participação nos Lucros,"  54,088 ","  23,191 ","  39,955 ","  34,050 ","  23,583 ","  24,380 ","  22,309 ","  39,348 ","  26,314 ","  29,758 ","  20,485 ","  40,752 ","  73,559 ","  38,260 ","  24,450 ","  57,472 ","  98,005 ","  44,201 ","  73,952 ","  64,432 ","  111,173 ","  55,185 ","  91,738 ","  84,861 ","  143,897 ","  52,901 ","  88,506 ","  82,974 ","  124,764 ","  56,822 ","  94,578 ","  88,357 ","  138,788 ","  62,218 ","  107,363 ","  111,768 ","  167,941 ","  73,002 ","  117,287 ","  119,943 ","  212,608 ","  110,892 ","  179,722 ","  212,781 "
2.01.05.02.06,Instrumentos Financeiros Derivativos,  -   ,  -   ,  -   ,  -   ,  -   ,  -   ,  -   ,  -   ,  -   ,  -   ,  -   ,  -   ,  -   ,  -   ,  -   ,  -   ,"  6,913 ",  -   ,  -   ,  -   ,"  2,461 ","  2,437 ","  2,579 ","  3,107 ","  1,438 ","  14,434 ","  30,816 ","  35,584 ","  37,519 ","  38,755 ","  29,890 ","  19,913 ","  12,845 ","  6,663 ","  32,693 ","  20,162 ","  12,070 ","  22,672 ","  1,785 ","  22,664 ","  13,879 ","  22,589 ","  14,280 ","  21,189 "
2.01.05.02.07,Arrendamento Mercantil,  -   ,  -   ,  -   ,  -   ,  -   ,  -   ,  -   ,  -   ,  -   ,  -   ,  -   ,  -   ,  -   ,  -   ,  -   ,  -   ,  -   ,  -   ,  -   ,  -   ,  -   ,  -   ,  -   ,  -   ,  -   ,  -   ,  -   ,  -   ,  -   ,  -   ,  -   ,  -   ,  -   ,  -   ,  -   ,  -   ,  -   ,"  61,615 ","  48,220 ","  30,879 ","  49,168 ","  60,106 ","  65,184 ","  56,242 "
2.01.05.02.08,Contas a pagar - controladas no exterior,  -   ,  -   ,  -   ,  -   ,  -   ,  -   ,  -   ,  -   ,  -   ,  -   ,  -   ,  -   ,  -   ,  -   ,  -   ,  -   ,"  118,555 ",  -   ,  -   ,  -   ,"  86,384 ",  -   ,  -   ,  -   ,"  209,867 ","  223,291 ","  187,669 ","  203,786 ","  182,426 ","  151,715 ","  155,374 ","  150,460 ","  180,119 ","  171,145 ","  221,348 ","  241,994 ","  161,572 ","  294,167 ","  209,170 ","  219,848 ","  210,113 ","  292,585 ","  349,819 ","  338,075 "
2.01.05.02.09,Provisão para Garantias de Produtos,  -   ,  -   ,  -   ,  -   ,  -   ,  -   ,  -   ,  -   ,  -   ,  -   ,  -   ,  -   ,  -   ,  -   ,  -   ,  -   ,  -   ,  -   ,  -   ,  -   ,  -   ,  -   ,  -   ,  -   ,  -   ,  -   ,  -   ,  -   ,"  102,857 ",  -   ,  -   ,  -   ,"  118,090 ",  -   ,  -   ,  -   ,"  155,532 ","  142,360 ","  145,707 ","  158,049 ","  168,338 ","  202,515 ","  226,746 ","  243,908 "
2.01.05.02.10,Faturamento para Entrega Futura,  -   ,  -   ,  -   ,  -   ,  -   ,  -   ,  -   ,  -   ,  -   ,  -   ,  -   ,  -   ,  -   ,  -   ,  -   ,  -   ,  -   ,  -   ,  -   ,  -   ,  -   ,  -   ,  -   ,  -   ,  -   ,  -   ,  -   ,  -   ,  -   ,  -   ,  -   ,  -   ,"  13,744 ",  -   ,  -   ,  -   ,"  155,137 ",  -   ,  -   ,  -   ,"  414,337 ","  542,527 ","  230,900 ","  171,936 "
2.01.05.02.11,Outros,"  102,765 ","  125,745 ","  292,860 ","  139,253 ","  104,535 ","  100,003 ","  122,200 ","  123,099 ","  188,459 ","  180,045 ","  204,018 ","  199,390 ","  269,465 ","  303,451 ","  283,087 ","  284,811 ","  189,280 ","  314,554 ","  322,439 ","  350,954 ","  246,690 ","  407,714 ","  441,407 ","  594,640 ","  316,999 ","  335,697 ","  251,743 ","  271,936 ","  183,347 ","  302,643 ","  282,620 ","  305,463 ","  193,983 ","  413,654 ","  468,328 ","  457,363 ","  340,490 ","  383,370 ","  389,433 ","  455,318 ","  264,292 ","  229,910 ","  210,152 ","  267,169 "
2.02,Passivo Não Circulante,"  1,557,219 ","  1,547,248 ","  2,057,349 ","  2,126,673 ","  2,028,525 ","  1,882,071 ","  2,192,908 ","  2,167,388 ","  2,446,312 ","  2,484,115 ","  1,965,957 ","  1,876,901 ","  1,709,100 ","  2,528,789 ","  2,380,354 ","  2,432,182 ","  2,920,978 ","  2,822,456 ","  3,170,626 ","  3,185,051 ","  3,264,350 ","  3,467,515 ","  3,451,941 ","  3,702,273 ","  4,610,631 ","  4,394,119 ","  4,125,897 ","  4,650,027 ","  4,159,644 ","  4,232,500 ","  3,777,533 ","  3,461,032 ","  2,815,892 ","  3,402,636 ","  2,965,058 ","  2,922,452 ","  2,512,589 ","  2,444,325 ","  2,338,568 ","  2,452,116 ","  2,266,630 ","  2,536,855 ","  2,691,175 ","  2,724,139 "
2.02.01,Empréstimos e Financiamentos,"  976,648 ","  968,192 ","  1,445,891 ","  1,503,836 ","  1,399,948 ","  1,251,638 ","  1,567,111 ","  1,491,765 ","  1,756,293 ","  1,769,528 ","  1,325,811 ","  1,256,575 ","  1,044,068 ","  1,878,432 ","  1,721,686 ","  1,773,632 ","  2,286,953 ","  2,192,311 ","  2,530,842 ","  2,554,109 ","  2,615,049 ","  2,799,251 ","  2,720,227 ","  2,972,924 ","  3,868,335 ","  3,636,054 ","  3,355,427 ","  3,887,457 ","  3,408,892 ","  3,443,358 ","  3,001,046 ","  2,652,021 ","  2,041,912 ","  2,537,113 ","  2,169,171 ","  2,118,054 ","  1,723,021 ","  1,490,360 ","  1,424,176 ","  1,509,966 ","  1,348,599 ","  1,597,860 ","  1,657,748 ","  1,673,573 "
2.02.01.01,Empréstimos e Financiamentos,"  976,648 ","  968,192 ","  1,445,891 ","  1,503,836 ","  1,399,948 ","  1,251,638 ","  1,567,111 ","  1,491,765 ","  1,756,293 ","  1,769,528 ","  1,325,811 ","  1,256,575 ","  1,044,068 ","  1,878,432 ","  1,721,686 ","  1,773,632 ","  2,286,953 ","  2,192,311 ","  2,530,842 ","  2,554,109 ","  2,615,049 ","  2,799,251 ","  2,720,227 ","  2,972,924 ","  3,868,335 ","  3,636,054 ","  3,355,427 ","  3,887,457 ","  3,408,892 ","  3,443,358 ","  3,001,046 ","  2,652,021 ","  2,041,912 ","  2,537,113 ","  2,169,171 ","  2,118,054 ","  1,723,021 ","  1,490,360 ","  1,424,176 ","  1,509,966 ","  1,348,599 ","  1,597,860 ","  1,657,748 ","  1,673,573 "
2.02.01.01.01,Em Moeda Nacional,  -   ,  -   ,  -   ,  -   ,  -   ,  -   ,  -   ,  -   ,  -   ,  -   ,  -   ,  -   ,  -   ,  -   ,  -   ,  -   ,  -   ,  -   ,  -   ,  -   ,  -   ,  -   ,  -   ,  -   ,"  1,747,118 ","  1,707,451 ","  1,653,548 ","  2,232,088 ","  1,887,571 ","  1,957,945 ","  1,545,996 ","  1,357,194 ","  457,386 ","  483,787 ","  432,416 ","  398,939 ","  315,291 ","  287,800 ","  260,303 ","  232,467 ","  107,930 ","  94,409 ","  78,333 ","  62,605 "
2.02.01.01.02,Em Moeda Estrangeira,  -   ,  -   ,  -   ,  -   ,  -   ,  -   ,  -   ,  -   ,  -   ,  -   ,  -   ,  -   ,  -   ,  -   ,  -   ,  -   ,  -   ,  -   ,  -   ,  -   ,  -   ,  -   ,  -   ,  -   ,"  2,121,217 ","  1,928,603 ","  1,701,879 ","  1,655,369 ","  1,521,321 ","  1,485,413 ","  1,455,050 ","  1,294,827 ","  1,584,526 ","  2,053,326 ","  1,736,755 ","  1,719,115 ","  1,407,730 ","  1,202,560 ","  1,163,873 ","  1,277,499 ","  1,240,669 ","  1,503,451 ","  1,579,415 ","  1,610,968 "
2.02.02,Outras Obrigações,"  78,205 ","  75,488 ","  88,453 ","  92,250 ","  86,875 ","  89,435 ","  86,317 ","  129,275 ","  122,485 ","  137,777 ","  142,261 ","  124,966 ","  137,916 ","  123,063 ","  113,323 ","  115,300 ","  104,286 ","  98,307 ","  106,603 ","  107,150 ","  107,463 ","  120,411 ","  140,573 ","  168,922 ","  159,632 ","  181,225 ","  192,160 ","  172,968 ","  157,147 ","  166,424 ","  137,988 ","  169,024 ","  150,390 ","  213,193 ","  156,633 ","  164,923 ","  155,394 ","  312,422 ","  295,441 ","  310,979 ","  291,310 ","  308,047 ","  401,884 ","  398,914 "
2.02.02.01,Passivos com Partes Relacionadas,  -   ,  -   ,  -   ,  -   ,  -   ,  -   ,  -   ,  -   ,  -   ,  -   ,  -   ,  926 ,  -   ,  -   ,  -   ,  -   ,  -   ,  -   ,  -   ,  -   ,  -   ,  -   ,  -   ,  -   ,  -   ,  -   ,  -   ,  -   ,  -   ,  -   ,  -   ,  -   ,  -   ,  -   ,  -   ,  -   ,  -   ,  -   ,  -   ,  -   ,  -   ,  -   ,  -   ,  -   
2.02.02.02,Outros,"  78,205 ","  75,488 ","  88,453 ","  92,250 ","  86,875 ","  89,435 ","  86,317 ","  129,275 ","  122,485 ","  137,777 ","  142,261 ","  124,040 ","  137,916 ","  123,063 ","  113,323 ","  115,300 ","  104,286 ","  98,307 ","  106,603 ","  107,150 ","  107,463 ","  120,411 ","  140,573 ","  168,922 ","  159,632 ","  181,225 ","  192,160 ","  172,968 ","  157,147 ","  166,424 ","  137,988 ","  169,024 ","  150,390 ","  213,193 ","  156,633 ","  164,923 ","  155,394 ","  312,422 ","  295,441 ","  310,979 ","  291,310 ","  308,047 ","  401,884 ","  398,914 "
2.02.02.02.03,Obrigações Tributárias,"  54,500 ","  59,077 ","  63,449 ","  67,816 ","  58,765 ","  65,784 ","  60,235 ","  64,737 ","  58,326 ","  61,117 ","  63,599 ","  44,576 ","  47,328 ","  48,835 ","  50,147 ","  52,051 ","  30,199 ","  30,333 ","  30,415 ","  30,735 ","  9,011 ","  8,883 ","  8,709 ","  8,601 ",  783 ,  785 ,  758 ,  731 ,  -   ,  882 ,  874 ,  854 ,  -   ,"  4,683 ","  4,286 ","  3,919 ",  -   ,  -   ,  -   ,  -   ,  -   ,  -   ,  -   ,  -   
2.02.02.02.04,Instrumentos Financeiros Derivativos,  -   ,  -   ,  -   ,  -   ,  -   ,  -   ,  -   ,  -   ,  -   ,  -   ,  -   ,  -   ,  -   ,  -   ,  -   ,  -   ,"  9,255 ",  -   ,  -   ,  -   ,"  12,147 ","  11,149 ","  15,591 ","  12,809 ","  16,248 ","  38,736 ","  68,368 ","  64,191 ","  51,854 ","  62,811 ","  43,761 ","  60,473 ","  40,795 ","  66,294 ","  9,014 ","  8,588 ","  8,124 ","  7,812 ","  7,614 ","  7,556 ","  6,679 ","  7,549 ","  10,468 ","  7,583 "
2.02.02.02.05,Arrendamento Mercantil,  -   ,  -   ,  -   ,  -   ,  -   ,  -   ,  -   ,  -   ,  -   ,  -   ,  -   ,  -   ,  -   ,  -   ,  -   ,  -   ,  -   ,  -   ,  -   ,  -   ,  -   ,  -   ,  -   ,  -   ,  -   ,  -   ,  -   ,  -   ,  -   ,  -   ,  -   ,  -   ,  -   ,  -   ,  -   ,  -   ,  -   ,"  132,472 ","  153,613 ","  180,744 ","  153,667 ","  183,084 ","  258,316 ","  247,157 "
2.02.02.02.06,Outros,"  23,705 ","  16,411 ","  25,004 ","  24,434 ","  28,110 ","  23,651 ","  26,082 ","  28,373 ","  64,159 ","  76,660 ","  78,662 ","  79,464 ","  90,588 ","  74,228 ","  63,176 ","  63,249 ","  64,832 ","  67,974 ","  76,188 ","  76,415 ","  86,305 ","  100,379 ","  116,273 ","  147,512 ","  142,601 ","  141,704 ","  123,034 ","  108,046 ","  105,293 ","  102,731 ","  93,353 ","  107,697 ","  109,595 ","  142,216 ","  143,333 ","  152,416 ","  147,270 ","  172,138 ","  134,214 ","  122,679 ","  130,964 ","  117,414 ","  133,100 ","  144,174 "
2.02.02.02.07,Adiantamento de Clientes,  -   ,  -   ,  -   ,  -   ,  -   ,  -   ,  -   ,"  36,165 ",  -   ,  -   ,  -   ,  -   ,  -   ,  -   ,  -   ,  -   ,  -   ,  -   ,  -   ,  -   ,  -   ,  -   ,  -   ,  -   ,  -   ,  -   ,  -   ,  -   ,  -   ,  -   ,  -   ,  -   ,  -   ,  -   ,  -   ,  -   ,  -   ,  -   ,  -   ,  -   ,  -   ,  -   ,  -   ,  -   
2.02.03,Tributos Diferidos,"  402,932 ","  402,003 ","  413,449 ","  417,304 ","  415,318 ","  415,682 ","  411,203 ","  411,545 ","  421,918 ","  424,223 ","  331,370 ","  322,296 ","  320,503 ","  319,621 ","  310,429 ","  295,173 ","  294,405 ","  292,073 ","  290,117 ","  278,955 ","  282,989 ","  275,698 ","  298,680 ","  230,914 ","  242,696 ","  224,250 ","  202,377 ","  184,930 ","  159,203 ","  162,548 ","  150,370 ","  137,024 ","  116,629 ","  124,149 ","  97,613 ","  81,139 ","  86,537 ","  86,538 ","  76,751 ","  71,038 ","  75,143 ","  87,611 ","  82,661 ","  77,660 "
2.02.03.01,Imposto de Renda e Contribuição Social Diferidos,"  402,932 ","  402,003 ","  413,449 ","  417,304 ","  415,318 ","  415,682 ","  411,203 ","  411,545 ","  421,918 ","  424,223 ","  331,370 ","  322,296 ","  320,503 ","  319,621 ","  310,429 ","  295,173 ","  294,405 ","  292,073 ","  290,117 ","  278,955 ","  282,989 ","  275,698 ","  298,680 ","  230,914 ","  242,696 ","  224,250 ","  202,377 ","  184,930 ","  159,203 ","  162,548 ","  150,370 ","  137,024 ","  116,629 ","  124,149 ","  97,613 ","  81,139 ","  86,537 ","  86,538 ","  76,751 ","  71,038 ","  75,143 ","  87,611 ","  82,661 ","  77,660 "
2.02.04,Provisões,"  99,434 ","  101,565 ","  109,556 ","  113,283 ","  126,384 ","  125,316 ","  128,277 ","  134,803 ","  145,616 ","  152,587 ","  166,515 ","  173,064 ","  206,613 ","  207,673 ","  234,916 ","  248,077 ","  235,334 ","  239,765 ","  243,064 ","  244,837 ","  258,849 ","  272,155 ","  292,461 ","  329,513 ","  339,968 ","  352,590 ","  375,933 ","  404,672 ","  434,402 ","  460,170 ","  488,129 ","  502,963 ","  506,961 ","  528,181 ","  541,641 ","  558,336 ","  547,637 ","  555,005 ","  542,200 ","  560,133 ","  551,578 ","  543,337 ","  548,882 ","  573,992 "
2.03,Patrimônio Líquido Consolidado,"  3,327,286 ","  3,287,409 ","  3,403,136 ","  3,443,434 ","  3,543,836 ","  3,528,495 ","  3,607,207 ","  3,710,060 ","  3,906,589 ","  3,759,326 ","  3,913,668 ","  4,004,055 ","  4,151,626 ","  4,115,486 ","  4,322,080 ","  4,410,290 ","  4,642,267 ","  4,569,523 ","  4,707,739 ","  4,877,092 ","  5,139,263 ","  5,398,030 ","  5,539,679 ","  5,989,948 ","  6,156,060 ","  6,007,038 ","  5,805,533 ","  5,963,354 ","  6,042,908 ","  6,104,252 ","  6,464,564 ","  6,513,271 ","  6,838,462 ","  6,963,269 ","  7,545,784 ","  7,772,119 ","  7,853,257 ","  7,923,152 ","  8,168,446 ","  8,490,281 ","  8,929,990 ","  9,883,247 ","  10,628,679 ","  11,400,035 "
2.03.01,Capital Social Realizado,"  1,812,294 ","  1,812,294 ","  1,812,294 ","  1,812,294 ","  1,812,294 ","  1,812,294 ","  2,265,367 ","  2,265,367 ","  2,265,367 ","  2,265,367 ","  2,718,440 ","  2,718,440 ","  2,718,440 ","  2,718,440 ","  2,718,440 ","  2,718,440 ","  2,718,440 ","  2,718,440 ","  3,533,973 ","  3,533,973 ","  3,533,973 ","  3,533,973 ","  3,533,973 ","  3,533,973 ","  3,533,973 ","  3,533,973 ","  3,533,973 ","  3,533,973 ","  3,533,973 ","  3,533,973 ","  3,533,973 ","  3,533,973 ","  3,533,973 ","  3,533,973 ","  5,504,517 ","  5,504,517 ","  5,504,517 ","  5,504,517 ","  5,504,517 ","  5,504,517 ","  5,504,517 ","  5,504,517 ","  5,504,517 ","  5,504,517 "
2.03.02,Reservas de Capital,"  44,931 ","  44,931 ","  44,931 ","  44,931 ","  44,931 ","  44,931 ",  -   ,  -   ,  239 ,"- 50,776 ","- 51,319 ","- 51,189 ","- 53,319 ","- 58,330 ","- 58,137 ","- 57,919 ","- 57,724 ","- 60,203 ","- 59,852 ","- 59,472 ","- 67,557 ","- 58,876 ","- 58,054 ","- 57,672 ","- 74,113 ","- 71,174 ","- 69,823 ","- 68,504 ","- 68,092 ","- 77,585 ","- 75,703 ","- 72,763 ","- 91,997 ","- 90,520 ","- 92,780 ","- 89,914 ","- 87,102 ","- 106,151 ","- 103,110 ","- 103,207 ","- 103,868 ","- 122,450 ","- 128,411 ","- 132,724 "
2.03.02.01,Ágio na Emissão de Ações,"  44,931 ","  44,931 ","  44,931 ","  44,931 ","  44,931 ","  44,931 ",  -   ,  -   ,  -   ,  -   ,  -   ,  -   ,  -   ,  -   ,  -   ,  -   ,  -   ,  -   ,  -   ,  -   ,  -   ,  -   ,  -   ,  -   ,  -   ,  -   ,  -   ,  -   ,  -   ,  -   ,  -   ,  -   ,  -   ,  -   ,  -   ,  -   ,  -   ,  -   ,  -   ,  -   ,  -   ,  -   ,  -   ,  -   
2.03.02.04,Opções Outorgadas,  -   ,  -   ,  -   ,  -   ,  -   ,  -   ,  -   ,  -   ,  239 ,  331 ,  469 ,  599 ,  758 ,  916 ,"  1,004 ","  1,129 ","  1,325 ","  1,545 ","  1,573 ","  1,615 ","  1,817 ","  2,049 ","  1,869 ","  1,903 ","  2,474 ","  1,352 ","  1,474 ","  1,627 ","  1,971 ","  2,640 ","  3,286 ","  3,711 ","  4,437 ","  5,409 ","  6,647 ","  7,876 ","  9,615 ","  8,857 ","  10,057 ","  11,367 ","  12,857 ","  6,429 ","  8,547 ","  9,487 "
2.03.02.05,Ações em Tesouraria,  -   ,  -   ,  -   ,  -   ,  -   ,  -   ,  -   ,  -   ,  -   ,  -   ,  -   ,  -   ,  -   ,  -   ,  -   ,  -   ,  -   ,  -   ,  -   ,  -   ,"- 8,418 ",,,,"- 17,069 ","- 13,673 ","- 12,744 ","- 11,968 ","- 11,924 ","- 20,200 ","- 19,315 ","- 17,796 ","- 17,392 ","- 16,902 ","- 16,083 ","- 15,261 ","- 15,261 ","- 13,411 ","- 12,499 ","- 11,684 ","- 11,419 ","- 16,997 ","- 16,470 ","- 15,779 "
2.03.02.07,Ágio na Transação de Capital,  -   ,  -   ,  -   ,  -   ,  -   ,  -   ,  -   ,  -   ,  -   ,"- 51,107 ","- 51,788 ","- 51,788 ","- 54,077 ","- 59,246 ","- 59,141 ","- 59,048 ","- 59,049 ","- 61,748 ","- 61,425 ","- 61,087 ","- 60,956 ","- 60,925 ","- 59,923 ","- 59,575 ","- 59,518 ","- 58,853 ","- 58,553 ","- 58,163 ","- 58,139 ","- 60,025 ","- 59,674 ","- 58,678 ","- 79,042 ","- 79,027 ","- 83,344 ","- 82,529 ","- 81,456 ","- 101,597 ","- 100,668 ","- 102,890 ","- 105,306 ","- 111,882 ","- 120,488 ","- 126,432 "
2.03.03,Reservas de Reavaliação,"  3,935 ","  3,919 ","  3,902 ","  3,897 ","  3,884 ","  3,871 ","  3,859 ","  3,848 ","  3,834 ","  3,784 ","  3,809 ","  3,796 ","  3,784 ","  3,748 ","  3,736 ","  3,724 ","  3,712 ","  3,700 ","  3,687 ","  3,673 ","  3,658 ","  3,684 ","  3,599 ","  3,630 ","  3,630 ","  3,630 ","  3,630 ","  3,630 ","  3,630 ","  3,630 ","  3,630 ","  3,630 ","  3,630 ","  3,630 ","  3,630 ","  3,630 ","  3,630 ","  3,630 ","  3,630 ","  3,630 ","  3,630 ","  3,630 ","  3,630 ","  3,630 "
2.03.04,Reservas de Lucros,"  660,797 ","  533,512 ","  533,512 ","  533,512 ","  900,676 ","  799,468 ","  441,449 ","  381,270 ","  857,721 ","  684,007 ","  292,975 ","  230,934 ","  687,792 ","  559,989 ","  560,271 ","  560,508 ","  1,169,077 ","  1,005,903 ","  316,237 ","  191,326 ","  846,159 ","  670,277 ","  803,844 ","  661,433 ","  1,430,422 ","  1,299,868 ","  1,358,433 ","  1,299,868 ","  1,799,912 ","  1,890,881 ","  1,976,370 ","  1,890,881 ","  2,401,891 ","  2,463,155 ","  471,680 ","  298,892 ","  1,133,122 ","  959,255 ","  1,146,143 ","  959,255 ","  2,059,144 ","  1,707,252 ","  1,887,750 ","  1,707,252 "
2.03.04.01,Reserva Legal,"  27,420 ","  27,420 ","  27,420 ","  27,420 ","  53,409 ","  53,409 ",  -   ,  -   ,"  29,347 ","  29,347 ",  -   ,  -   ,"  32,799 ","  32,799 ","  32,799 ","  32,799 ","  74,972 ","  74,972 ",  -   ,  -   ,"  47,736 ","  47,736 ","  47,736 ","  47,736 ","  105,539 ","  105,539 ","  105,539 ","  105,539 ","  161,420 ","  161,420 ","  161,420 ","  161,420 ","  218,528 ","  218,528 ",  -   ,  -   ,"  66,916 ","  66,916 ","  66,916 ","  66,916 ","  147,645 ","  147,645 ","  147,645 ","  147,645 "
2.03.04.02,Reserva Estatutária,"  506,092 ","  506,092 ","  506,092 ","  506,092 ","  746,059 ","  746,059 ","  391,325 ","  391,325 ","  664,715 ","  664,715 ","  240,989 ","  240,989 ","  537,245 ","  537,245 ","  537,245 ","  537,245 ","  940,453 ","  940,453 ","  199,892 ","  199,892 ","  630,929 ","  630,929 ","  630,929 ","  630,929 ","  1,194,329 ","  1,194,329 ","  1,194,329 ","  1,194,329 ","  1,535,742 ","  1,729,461 ","  1,729,461 ","  1,729,461 ","  2,050,908 ","  2,244,627 ","  298,892 ","  298,892 ","  892,339 ","  892,339 ","  892,339 ","  892,339 ","  1,559,607 ","  1,559,607 ","  1,559,607 ","  1,559,607 "
2.03.04.08,Dividendo Adicional Proposto,"  127,285 ",  -   ,  -   ,  -   ,"  101,208 ",  -   ,"  60,179 ",  -   ,"  173,714 ",  -   ,"  62,041 ",  -   ,"  127,803 ",  -   ,  -   ,  -   ,"  163,174 ",  -   ,"  125,334 ",  -   ,"  167,494 ",  -   ,"  133,904 ",  -   ,"  130,554 ",  -   ,"  58,565 ",  -   ,"  102,750 ",  -   ,"  85,489 ",  -   ,"  132,455 ",  -   ,"  172,788 ",  -   ,"  173,867 ",  -   ,"  186,888 ",  -   ,"  351,892 ",  -   ,"  180,498 ",  -   
2.03.04.09,Ações em Tesouraria,  -   ,  -   ,  -   ,  -   ,  -   ,  -   ,"- 10,055 ","- 10,055 ","- 10,055 ","- 10,055 ","- 10,055 ","- 10,055 ","- 10,055 ","- 10,055 ","- 9,773 ","- 9,536 ","- 9,522 ","- 9,522 ","- 8,989 ","- 8,566 ",  -   ,"- 8,388 ","- 8,725 ","- 17,232 ",  -   ,  -   ,  -   ,  -   ,  -   ,  -   ,  -   ,  -   ,  -   ,  -   ,  -   ,  -   ,  -   ,  -   ,  -   ,  -   ,  -   ,  -   ,  -   ,  -   
2.03.05,Lucros/Prejuízos Acumulados,  -   ,"  101,506 ","  194,239 ","  248,545 ",  -   ,"  92,115 ","  152,000 ","  271,261 ",  -   ,"  113,612 ","  155,819 ","  304,689 ",  -   ,"  144,291 ","  315,789 ","  410,210 ",  -   ,"  163,475 ","  219,724 ","  432,210 ",  -   ,"  196,778 ","  257,869 ","  462,329 ",  -   ,"  207,793 ","  313,128 ","  485,747 ",  -   ,"  159,480 ","  256,001 ","  485,378 ",  -   ,"  205,329 ","  291,602 ","  595,844 ",  -   ,"  216,350 ","  335,588 ","  672,860 ",  -   ,"  380,236 ","  554,580 ","  1,135,154 "
2.03.06,Ajustes de Avaliação Patrimonial,"  809,667 ","  762,559 ","  733,586 ","  714,264 ","  758,715 ","  746,552 ","  732,871 ","  717,097 ","  704,466 ","  691,708 ","  680,031 ","  668,487 ","  656,646 ","  644,546 ","  619,650 ","  606,931 ","  593,500 ","  583,100 ","  572,896 ","  561,278 ","  548,750 ","  530,407 ","  517,560 ","  491,234 ","  493,106 ","  479,190 ","  462,999 ","  453,480 ","  442,032 ","  434,933 ","  427,776 ","  416,630 ","  406,240 ","  401,062 ","  396,677 ","  391,704 ","  380,781 ","  373,594 ","  368,933 ","  365,080 ","  359,298 ","  355,339 ","  354,264 ","  350,404 "
2.03.06.01,Custo Atribuído,"  809,667 ","  762,559 ","  733,586 ","  714,264 ","  758,715 ","  746,552 ","  732,871 ","  717,097 ","  704,466 ","  691,708 ","  680,031 ","  668,487 ","  656,646 ","  644,546 ","  619,650 ","  606,931 ","  593,500 ","  583,100 ","  572,896 ","  561,278 ","  548,750 ","  530,407 ","  517,560 ","  491,234 ","  493,106 ","  479,190 ","  462,999 ","  453,480 ","  442,032 ","  434,933 ","  427,776 ","  416,630 ","  406,240 ","  401,062 ","  396,677 ","  391,704 ","  380,781 ","  373,594 ","  368,933 ","  365,080 ","  359,298 ","  355,339 ","  354,264 ","  350,404 "
2.03.08,Outros Resultados Abrangentes,"- 31,885 ",  -   ,  -   ,  -   ,"- 65,893 ","- 64,223 ","- 82,439 ","- 27,492 ","- 31,515 ","- 29,133 ","  29,728 ","  42,814 ","  47,006 ","  21,871 ","  80,818 ","  85,818 ","  130,767 ","  77,149 ","  45,208 ","  130,732 ","  191,402 ","  426,418 ","  369,400 ","  766,621 ","  642,362 ","  430,307 ","  94,132 ","  143,776 ","  223,495 ","  50,907 ","  225,999 ","  142,977 ","  462,344 ","  315,808 ","  830,240 ","  922,781 ","  779,326 ","  826,577 ","  762,199 ","  925,849 ","  894,526 ","  1,813,586 ","  2,185,978 ","  2,554,237 "
2.03.08.01,Instrumentos Financeiros Derivativos,  -   ,  -   ,  -   ,  -   ,  -   ,  -   ,  -   ,  -   ,  -   ,  -   ,  -   ,  -   ,  -   ,  -   ,  -   ,  -   ,  -   ,  -   ,  -   ,  -   ,  -   ,  -   ,  -   ,  -   ,"  5,774 ","- 12,235 ","- 28,119 ","- 29,002 ","- 26,948 ","- 26,746 ","- 16,029 ","- 16,757 ","- 11,355 ","- 47,782 ","- 37,450 ","- 17,145 ","- 18,657 ","- 9,828 ","- 4,570 ","- 14,122 ","- 11,180 ","  13,832 ","  4,004 ","  11,299 "
2.03.08.02,Variação Participação Societária,  -   ,  -   ,  -   ,  -   ,  -   ,  -   ,  -   ,  -   ,  -   ,  -   ,  -   ,  -   ,  -   ,  -   ,  -   ,  -   ,  -   ,  -   ,  -   ,  -   ,  -   ,  -   ,  -   ,  -   ,  -   ,  -   ,  -   ,  -   ,  -   ,  -   ,  -   ,  -   ,  -   ,  -   ,  -   ,  -   ,  -   ,  -   ,  -   ,  -   ,"- 6,070 ","- 4,288 ","- 4,288 ","- 4,288 "
2.03.08.03,Ajustes Acumulados de Conversão,"- 31,885 ",  -   ,  -   ,  -   ,"- 65,893 ","- 64,223 ","- 82,439 ","- 27,492 ","- 31,515 ","- 29,133 ","  29,728 ","  42,814 ","  47,006 ","  21,871 ","  80,818 ","  85,818 ","  130,767 ","  77,149 ","  45,208 ","  130,732 ","  191,402 ","  426,418 ","  369,400 ","  766,621 ","  636,588 ","  442,542 ","  122,251 ","  172,778 ","  250,443 ","  77,653 ","  242,028 ","  159,734 ","  473,699 ","  363,590 ","  867,690 ","  939,926 ","  797,983 ","  836,405 ","  766,769 ","  939,971 ","  911,776 ","  1,804,042 ","  2,186,262 ","  2,547,226 "
2.03.09,Participação dos Acionistas Não Controladores,"  27,547 ","  28,688 ","  80,672 ","  85,991 ","  89,229 ","  93,487 ","  94,100 ","  98,709 ","  106,477 ","  80,757 ","  84,185 ","  86,084 ","  91,277 ","  80,931 ","  81,513 ","  82,578 ","  84,495 ","  77,959 ","  75,866 ","  83,372 ","  82,878 ","  95,369 ","  111,488 ","  128,400 ","  126,680 ","  123,451 ","  109,061 ","  111,384 ","  107,958 ","  108,033 ","  116,518 ","  112,565 ","  122,381 ","  130,832 ","  140,218 ","  144,665 ","  138,983 ","  145,380 ","  150,546 ","  162,297 ","  212,743 ","  241,137 ","  266,371 ","  277,565 "